{"cameraMode":{"drawMode":0,"name":"Shaded","section":"Shading Mode"},"sceneLighting":false,"audioPlay":false,"sceneViewState":{"showFog":true,"showMaterialUpdate":false,"showSkybox":true,"showFlares":true,"showImageEffects":true,"showParticleSystems":true},"in2DMode":false,"pivot":{"x":-3.7485809326171877,"y":3.5397768020629885,"z":-11.03791618347168},"rotation":{"x":0.09326566010713577,"y":0.903235137462616,"z":-0.25143668055534365,"w":0.3350332975387573},"size":8.795681953430176,"orthographic":true}