{"cameraMode":{"drawMode":0,"name":"Shaded","section":"Shading Mode"},"sceneLighting":true,"audioPlay":false,"sceneViewState":{"showFog":true,"showMaterialUpdate":false,"showSkybox":true,"showFlares":true,"showImageEffects":true,"showParticleSystems":true},"in2DMode":false,"pivot":{"x":4.030012130737305,"y":2.047696113586426,"z":-11.100000381469727},"rotation":{"x":0.6035763025283814,"y":0.0059796408750116829,"z":-0.0045269024558365349,"w":0.7972699403762817},"size":13.297672271728516,"orthographic":true}