{"cameraMode":{"drawMode":0,"name":"Shaded","section":"Shading Mode"},"sceneLighting":true,"audioPlay":false,"sceneViewState":{"showFog":true,"showMaterialUpdate":false,"showSkybox":true,"showFlares":true,"showImageEffects":true,"showParticleSystems":true},"in2DMode":false,"pivot":{"x":0.016100764274597169,"y":2.3076958656311037,"z":-11.160000801086426},"rotation":{"x":-0.6957762837409973,"y":-0.000007808219379512593,"z":0.000005860216333530843,"w":-0.7182585597038269},"size":3.5824077129364015,"orthographic":true}